{
  "extract_content.py": 1776453950.0516522,
  "extract_to_files.py": 1776453962.957099,
  "run_extract.py": 1776458369.073842,
  "vite.config.ts": 1776451051.8736894,
  "client\\public\\__manus__\\debug-collector.js": 1776451050.8135283,
  "client\\src\\App.tsx": 1776456558.8107457,
  "client\\src\\const.ts": 1776451050.8673072,
  "client\\src\\main.tsx": 1776451050.8926895,
  "client\\src\\components\\ErrorBoundary.tsx": 1776451050.9046934,
  "client\\src\\components\\ManusDialog.tsx": 1776451050.9136868,
  "client\\src\\components\\Map.tsx": 1776451050.9236996,
  "client\\src\\components\\ui\\accordion.tsx": 1776451050.939322,
  "client\\src\\components\\ui\\alert-dialog.tsx": 1776451050.948323,
  "client\\src\\components\\ui\\alert.tsx": 1776451050.9580283,
  "client\\src\\components\\ui\\aspect-ratio.tsx": 1776451050.9695354,
  "client\\src\\components\\ui\\avatar.tsx": 1776451050.9785457,
  "client\\src\\components\\ui\\badge.tsx": 1776451050.9879563,
  "client\\src\\components\\ui\\breadcrumb.tsx": 1776451050.9978704,
  "client\\src\\components\\ui\\button-group.tsx": 1776451051.0089805,
  "client\\src\\components\\ui\\button.tsx": 1776451051.018143,
  "client\\src\\components\\ui\\calendar.tsx": 1776451051.029279,
  "client\\src\\components\\ui\\card.tsx": 1776451051.0373647,
  "client\\src\\components\\ui\\carousel.tsx": 1776451051.046697,
  "client\\src\\components\\ui\\chart.tsx": 1776451051.0573542,
  "client\\src\\components\\ui\\checkbox.tsx": 1776451051.067249,
  "client\\src\\components\\ui\\collapsible.tsx": 1776451051.077474,
  "client\\src\\components\\ui\\command.tsx": 1776451051.0869875,
  "client\\src\\components\\ui\\context-menu.tsx": 1776451051.0959995,
  "client\\src\\components\\ui\\dialog.tsx": 1776451051.1059992,
  "client\\src\\components\\ui\\drawer.tsx": 1776451051.1152992,
  "client\\src\\components\\ui\\dropdown-menu.tsx": 1776451051.1233935,
  "client\\src\\components\\ui\\empty.tsx": 1776451051.1323137,
  "client\\src\\components\\ui\\field.tsx": 1776451051.1417325,
  "client\\src\\components\\ui\\form.tsx": 1776451051.153076,
  "client\\src\\components\\ui\\hover-card.tsx": 1776451051.1653905,
  "client\\src\\components\\ui\\input-group.tsx": 1776451051.1778562,
  "client\\src\\components\\ui\\input-otp.tsx": 1776451051.1908474,
  "client\\src\\components\\ui\\input.tsx": 1776451051.1981053,
  "client\\src\\components\\ui\\item.tsx": 1776451051.208693,
  "client\\src\\components\\ui\\kbd.tsx": 1776451051.2176638,
  "client\\src\\components\\ui\\label.tsx": 1776451051.2293084,
  "client\\src\\components\\ui\\menubar.tsx": 1776451051.239473,
  "client\\src\\components\\ui\\navigation-menu.tsx": 1776451051.2486238,
  "client\\src\\components\\ui\\pagination.tsx": 1776451051.2580981,
  "client\\src\\components\\ui\\popover.tsx": 1776451051.267144,
  "client\\src\\components\\ui\\progress.tsx": 1776451051.2744594,
  "client\\src\\components\\ui\\radio-group.tsx": 1776451051.28605,
  "client\\src\\components\\ui\\resizable.tsx": 1776451051.296953,
  "client\\src\\components\\ui\\scroll-area.tsx": 1776451051.307889,
  "client\\src\\components\\ui\\select.tsx": 1776451051.3181639,
  "client\\src\\components\\ui\\separator.tsx": 1776451051.3276856,
  "client\\src\\components\\ui\\sheet.tsx": 1776451051.3379004,
  "client\\src\\components\\ui\\sidebar.tsx": 1776451051.346913,
  "client\\src\\components\\ui\\skeleton.tsx": 1776451051.3561523,
  "client\\src\\components\\ui\\slider.tsx": 1776451051.3682058,
  "client\\src\\components\\ui\\sonner.tsx": 1776451051.3772135,
  "client\\src\\components\\ui\\spinner.tsx": 1776451051.3858185,
  "client\\src\\components\\ui\\switch.tsx": 1776451051.3956127,
  "client\\src\\components\\ui\\table.tsx": 1776451051.4043531,
  "client\\src\\components\\ui\\tabs.tsx": 1776451051.4149392,
  "client\\src\\components\\ui\\textarea.tsx": 1776451051.4256158,
  "client\\src\\components\\ui\\toggle-group.tsx": 1776451051.4347181,
  "client\\src\\components\\ui\\toggle.tsx": 1776451051.4462576,
  "client\\src\\components\\ui\\tooltip.tsx": 1776451051.456383,
  "client\\src\\contexts\\ThemeContext.tsx": 1776451051.473738,
  "client\\src\\hooks\\useComposition.ts": 1776451051.496215,
  "client\\src\\hooks\\useMobile.tsx": 1776451051.5062358,
  "client\\src\\hooks\\usePersistFn.ts": 1776451051.5319245,
  "client\\src\\lib\\utils.ts": 1776451051.5601437,
  "client\\src\\pages\\CaseStudy.tsx": 1776456862.244853,
  "client\\src\\pages\\Home.tsx": 1776456829.951502,
  "client\\src\\pages\\NotFound.tsx": 1776451051.5907056,
  "client\\src\\pages\\Resume.tsx": 1776454803.2900162,
  "design-extract-output\\jamiejchoi-com-tailwind.config.js": 1776456335.8365767,
  "design-extract-output\\jamiejchoi-com-theme.js": 1776456335.8395488,
  "server\\index.ts": 1776451051.6471825,
  "shared\\const.ts": 1776451051.6749303,
  "design-extract-output\\jamiejchoi-com-design-language.md": 1776456335.8345938,
  "resources personal\\B2B banking (2).pdf": 1776416838.473198,
  "resources personal\\Mitali Borkar 2026 resume.pdf": 1776451571.793279,
  "resources personal\\Mitali portfolio 2024 (1).pdf": 1776451597.1149337,
  "resources personal\\Return.pdf": 1776451595.3380826,
  "resources personal\\Innovation in corporates\\D1.pdf": 1776451647.973567,
  "resources personal\\Innovation in corporates\\D10.pdf": 1776451648.1996136,
  "resources personal\\Innovation in corporates\\D11.pdf": 1776451648.2191222,
  "resources personal\\Innovation in corporates\\D12.pdf": 1776451648.2377403,
  "resources personal\\Innovation in corporates\\D2.pdf": 1776451648.0111456,
  "resources personal\\Innovation in corporates\\D4.pdf": 1776451648.0351477,
  "resources personal\\Innovation in corporates\\D5.pdf": 1776451648.0591502,
  "resources personal\\Innovation in corporates\\D6.pdf": 1776451648.0856688,
  "resources personal\\Innovation in corporates\\D7.pdf": 1776451648.1032488,
  "resources personal\\Innovation in corporates\\D8.pdf": 1776451648.126842,
  "resources personal\\Innovation in corporates\\D9.pdf": 1776451648.1723607,
  "resources personal\\Innovation in corporates\\Group 17.pdf": 1776451648.1408446,
  "client\\public\\mitali-profile.jpg": 1776451562.8160527,
  "design-extract-output\\screenshots\\card.png": 1776451226.0386527,
  "design-extract-output\\screenshots\\full-page.png": 1776451226.3565829,
  "design-extract-output\\screenshots\\hero.png": 1776451226.211853,
  "design-extract-output\\screenshots\\nav.png": 1776451226.0962565,
  "resources personal\\IMG_7762.JPG": 1776451562.8160527
}